Name,RssdID,Location
1001 17TH STREET SUITE R300 BRANCH                                                                                      ,3546536,"1001 17TH STREET, SUITE R300, DENVER, CO, UNITED STATES                           "
111 SOUTH TEJON BRANCH                                                                                                  ,824457,"111 SOUTH TEJON, SUITE 103, COLORADO SPRINGS, CO, UNITED STATES                           "
1200 SOUTH TOWNSEND BRANCH                                                                                              ,2162032,"1200 SOUTH TOWNSEND, MONTROSE, CO, UNITED STATES                           "
1250 W US HIGHWAY 50 BRANCH                                                                                             ,2033075,"1250 W US HIGHWAY 50, PUEBLO, CO, UNITED STATES                           "
1380 SOUTH FEDERAL BOULEVARD BRANCH                                                                                     ,36157,"1380 SOUTH FEDERAL BOULEVARD, DENVER, CO, UNITED STATES                           "
1650 SOUTH COLORADO BOULEVARD BRANCH                                                                                    ,3094952,"1650 SOUTH COLORADO BOULEVARD, DENVER, CO, UNITED STATES                           "
1700 PEARL STREET BRANCH                                                                                                ,768551,"1700 PEARL STREET, BOULDER, CO, UNITED STATES                           "
1955 WEST 120TH AVENUE BRANCH                                                                                           ,3738498,"1955 WEST 120TH AVENUE, WESTMINSTER, CO, UNITED STATES                           "
1990 WEST 10TH AVENUE BRANCH                                                                                            ,954859,"1990 WEST 10TH AVENUE, BROOMFIELD, CO, UNITED STATES                           "
2011 KEN PRATT BOULEVARD BRANCH                                                                                         ,2747082,"2011 KEN PRATT BLVD, LONGMONT, CO, UNITED STATES                           "
2155 RESORT DRIVE BRANCH                                                                                                ,471459,"2155 RESORT DRIVE, SUITE 300, STEAMBOAT SPRINGS, CO, UNITED STATES                           "
218 EAST VALLEY ROAD BRANCH                                                                                             ,2224015,"218 EAST VALLEY ROAD, SUITE 108, CARBONDALE, CO, UNITED STATES                           "
21ST SOUTH BRANCH                                                                                                       ,548575,"910 WEST 2100 SOUTH, SALT LAKE CITY, UT, UNITED STATES                           "
2394 PATTERSON ROAD BRANCH                                                                                              ,3486016,"2394 PATTERSON ROAD, GRAND JUNCTION, CO, UNITED STATES                           "
2696 BROADWAY BRANCH                                                                                                    ,1922097,"2696 BROADWAY, BOULDER, CO, UNITED STATES                           "
3300 WEST 72ND AVENUE BRANCH                                                                                            ,416058,"3300 WEST 72ND AVENUE, WESTMINSTER, CO, UNITED STATES                           "
350 WEST MONTEZUMA BRANCH                                                                                               ,722553,"350 WEST MONTEZUMA, CORTEZ, CO, UNITED STATES                           "
3600 QUEBEC STREET BRANCH                                                                                               ,3546554,"3600 QUEBEC STREET, DENVER, CO, UNITED STATES                           "
361 WEST HIGHWAY 24 BRANCH                                                                                              ,418155,"361 WEST HIGHWAY 24, WOODLAND PARK, CO, UNITED STATES                           "
39TH SOUTH OFFICE                                                                                                       ,555078,"3880 SOUTH 700 EAST, SALT LAKE CITY, UT, UNITED STATES                           "
4040 WEST NORTHERN AVENUE BRANCH                                                                                        ,2002156,"4040 WEST NORTHERN AVENUE, PUEBLO, CO, UNITED STATES                           "
4151 EAST 136TH AVENUE BRANCH                                                                                           ,473556,"4151 EAST 136TH AVENUE, BRIGHTON, CO, UNITED STATES                           "
499 28-1/4 ROAD BRANCH                                                                                                  ,2162023,"499 28-1/4 ROAD, GRAND JUNCTION, CO, UNITED STATES                           "
5050 SOUTH BROADWAY BRANCH                                                                                              ,147754,"5050 SOUTH BROADWAY, ENGLEWOOD, CO, UNITED STATES                           "
508 EAST MAIN STREET BRANCH                                                                                             ,2431073,"508 EAST MAIN STREET, CORTEZ, CO, UNITED STATES                           "
534 EAST HYMAN AVENUE BRANCH                                                                                            ,942557,"534 EAST HYMAN AVENUE, ASPEN, CO, UNITED STATES                           "
5362 GREENWOOD PLAZA BOULEVARD BRANCH                                                                                   ,242855,"5362 GREENWOOD PLAZA BOULEVARD, ENGLEWOOD, CO, UNITED STATES                           "
6901 SOUTH PIERCE STREET BRANCH                                                                                         ,1857827,"6901 SOUTH PIERCE STREET, LITTLETON, CO, UNITED STATES                           "
7390 NORTH ACADEMY BOULEVARD BRANCH                                                                                     ,3546509,"7390 NORTH ACADEMY BOULEVARD, COLORADO SPRINGS, CO, UNITED STATES                           "
7391 WEST 38TH AVENUE BRANCH                                                                                            ,129451,"7391 WEST 38TH AVENUE, WHEAT RIDGE, CO, UNITED STATES                           "
7TH EAST BRANCH                                                                                                         ,277071,"701 EAST 400 SOUTH, SALT LAKE CITY, UT, UNITED STATES                           "
ACTON BRANCH                                                                                                            ,214366,"31924 CROWN VALLEY ROAD, ACTON, CA, UNITED STATES                           "
ADDISON BRANCH                                                                                                          ,3659173,"4650 BELT LINE ROAD, ADDISON, TX, UNITED STATES                           "
AJO BRANCH                                                                                                              ,305563,"101 LA MINA AVENUE, AJO, AZ, UNITED STATES                           "
ALAMO HEIGHTS BRANCH                                                                                                    ,2995342,"5408 BROADWAY, SAN ANTONIO, TX, UNITED STATES                           "
ALBANY BRANCH                                                                                                           ,266169,"1451 SOLANO AVENUE, ALBANY, CA, UNITED STATES                           "
ALHAMBRA BRANCH                                                                                                         ,1435775,"230 EAST VALLEY BOULEVARD, ALHAMBRA, CA, UNITED STATES                           "
ALPINE BRANCH                                                                                                           ,671763,"2250 ALPINE BOULEVARD, ALPINE, CA, UNITED STATES                           "
AMEGY TOWER BRANCH                                                                                                      ,676656,"1717 WEST LOOP SOUTH, HOUSTON, TX, UNITED STATES                           "
AMERICAN FORK BRANCH                                                                                                    ,2120108,"606 EAST STATE ROAD, AMERICAN FORK, UT, UNITED STATES                           "
AMMON BRANCH                                                                                                            ,3535295,"2540 EAST SUNNYSIDE ROAD, AMMON, ID, UNITED STATES                           "
ANTHEM VILLAGE BRANCH                                                                                                   ,3738470,"11590 SOUTH EASTERN, HENDERSON , NV, UNITED STATES                           "
ARCADIA BRANCH                                                                                                          ,1920392,"1130 SOUTH BALDWIN AVENUE, ARCADIA, CA, UNITED STATES                           "
ARDEN WAY BRANCH                                                                                                        ,325767,"1800 ARDEN WAY, SACRAMENTO, CA, UNITED STATES                           "
ATASCOCITA BRANCH                                                                                                       ,3448313,"7031 FM 1960 EAST, SUITE 100, HUMBLE, TX, UNITED STATES                           "
AVENUES OFFICE                                                                                                          ,488475,"455 EAST SOUTH TEMPLE, SALT LAKE CITY, UT, UNITED STATES                           "
BACLIFF BRANCH                                                                                                          ,1459687,"4021 HIGHWAY 146, BACLIFF, TX, UNITED STATES                           "
BEAR LAKE GARDEN CITY BRANCH                                                                                            ,5614747,"557 N BEAR LAKE BOULEVARD, GARDEN CITY, UT, UNITED STATES                           "
BEAR LAKE VALLEY OFFICE                                                                                                 ,308265,"902 WASHINGTON STREET, MONTPELIER, ID, UNITED STATES                           "
BELL TOWER BRANCH                                                                                                       ,2328735,"1330 WIRT ROAD, HOUSTON, TX, UNITED STATES                           "
BELLAIRE BRANCH                                                                                                         ,3432255,"5301 BISSONNET STREET, BELLAIRE, TX, UNITED STATES                           "
BENSON BRANCH                                                                                                           ,436869,"625 WEST 4TH STREET, BENSON, AZ, UNITED STATES                           "
BISBEE BRANCH                                                                                                           ,501365,"1163 SOUTH NACO HIGHWAY, BISBEE, AZ, UNITED STATES                           "
BISHOP ARTS BRANCH                                                                                                      ,5493812,"550 WEST DAVIS STREET, DALLAS, TX, UNITED STATES                           "
BLACKFOOT BRANCH                                                                                                        ,2655178,"1350 PARKWAY DRIVE, SUITE 1, BLACKFOOT, ID, UNITED STATES                           "
BLANDING OFFICE                                                                                                         ,671071,"111 EAST CENTER STREET, BLANDING, UT, UNITED STATES                           "
BLOOMINGTON BRANCH                                                                                                      ,425779,"144 WEST BRIGHAM ROAD, SUITE C, SAINT GEORGE, UT, UNITED STATES                           "
BOISE EAGLE AND CHINDEN BRANCH                                                                                          ,3493685,"6176 NORTH EAGLE ROAD, BOISE, ID, UNITED STATES                           "
BOISE/MAIN FINANCIAL CENTER                                                                                             ,3493603,"800 WEST MAIN, SUITE 100, BOISE, ID, UNITED STATES                           "
BOULDER CITY BRANCH                                                                                                     ,2886196,"1000 NEVADA HIGHWAY, BOULDER CITY, NV, UNITED STATES                           "
BOUNTIFUL BRANCH                                                                                                        ,800974,"5 NORTH MAIN, BOUNTIFUL, UT, UNITED STATES                           "
BREA BRANCH                                                                                                             ,1859858,"775 EAST BIRCH STREET, BREA, CA, UNITED STATES                           "
BRIGHAM CITY BRANCH                                                                                                     ,371670,"98 NORTH MAIN STREET, BRIGHAM CITY, UT, UNITED STATES                           "
BROADWAY BRANCH                                                                                                         ,487973,"310 SOUTH MAIN STREET, SALT LAKE CITY, UT, UNITED STATES                           "
BUCKEYE BRANCH                                                                                                          ,1457441,"219 NORTH 4TH STREET, BUCKEYE, AZ, UNITED STATES                           "
BULLHEAD CITY BRANCH                                                                                                    ,489360,"1979 HIGHWAY 95, SUITE 15, BULLHEAD CITY, AZ, UNITED STATES                           "
BURLEY BRANCH                                                                                                           ,306560,"102 WEST MAIN STREET, BURLEY, ID, UNITED STATES                           "
CALDWELL BRANCH                                                                                                         ,3493715,"509 SOUTH KIMBALL AVENUE, CALDWELL, ID, UNITED STATES                           "
CAMP VERDE BRANCH                                                                                                       ,2797247,"563 FINNIE FLATS ROAD, CAMP VERDE, AZ, UNITED STATES                           "
CAREFREE BRANCH                                                                                                         ,2798495,"7202 EAST CAREFREE DRIVE, CAVE CREEK, AZ, UNITED STATES                           "
CARLSBAD PALOMAR COMMONS OFFICE                                                                                         ,2544816,"2501 PALOMAR AIRPORT ROAD, CARLSBAD, CA, UNITED STATES                           "
CARLSBAD VILLAGE OFFICE                                                                                                 ,1838358,"675 CARLSBAD VILLAGE DRIVE, CARLSBAD, CA, UNITED STATES                           "
CARMEL VALLEY BRANCH                                                                                                    ,2879862,"11375 EL CAMINO REAL, SUITE 100, SAN DIEGO, CA, UNITED STATES                           "
CARSON CITY BRANCH                                                                                                      ,2868549,"1811 EAST COLLEGE PARKWAY, CARSON CITY, NV, UNITED STATES                           "
CASTLE DALE BRANCH                                                                                                      ,403272,"110 EAST MAIN STREET, CASTLE DALE, UT, UNITED STATES                           "
CEDAR CITY/DOWNTOWN BRANCH                                                                                              ,926379,"3 SOUTH MAIN STREET, CEDAR CITY, UT, UNITED STATES                           "
CENTENNIAL BRANCH                                                                                                       ,4843250,"6702 SOUTH POTOMAC STREET, CENTENNIAL, CO, UNITED STATES                           "
CENTENNIAL HILLS BRANCH                                                                                                 ,3306534,"6505 NORTH BUFFALO DRIVE, LAS VEGAS, NV, UNITED STATES                           "
CENTERVILLE BRANCH                                                                                                      ,613071,"440 WEST PARRISH LANE, CENTERVILLE, UT, UNITED STATES                           "
CENTURY CITY PREMIER WEALTH CENTER                                                                                      ,2853657,"1900 AVENUE OF THE STARS, SUITE 2350, LOS ANGELES, CA, UNITED STATES                           "
CHINO BRANCH                                                                                                            ,859664,"5455 RIVERSIDE DRIVE, CHINO, CA, UNITED STATES                           "
CHINO VALLEY BRANCH                                                                                                     ,505569,"481 SOUTH HIGHWAY 89, CHINO VALLEY, AZ, UNITED STATES                           "
CHULA VISTA BRANCH                                                                                                      ,213163,"444 THIRD AVENUE, CHULA VISTA, CA, UNITED STATES                           "
CINCO RANCH-MASON ROAD BRANCH                                                                                           ,3504040,"3020 S MASON RD, KATY, TX, UNITED STATES                           "
CITY CENTRE BRANCH                                                                                                      ,3926165,"800 TOWN AND COUNTRY BOULEVARD, STE. 110, HOUSTON, TX, UNITED STATES                           "
CITY HEIGHTS BRANCH                                                                                                     ,3510612,"4305 UNIVERSITY AVENUE, SUITE 100, SAN DIEGO, CA, UNITED STATES                           "
CLAREMONT BRANCH                                                                                                        ,753865,"102 NORTH YALE AVENUE, CLAREMONT, CA, UNITED STATES                           "
CLEAR LAKE - BAY AREA BLVD. BRANCH                                                                                      ,3659212,"1060 BAY AREA BOULEVARD, HOUSTON, TX, UNITED STATES                           "
COALVILLE OFFICE                                                                                                        ,270278,"5 SOUTH MAIN STREET, COALVILLE, UT, UNITED STATES                           "
COLES CROSSING BRANCH                                                                                                   ,3296738,"12334 BARKER CYPRESS RD, CYPRESS, TX, UNITED STATES                           "
CONROE BRANCH                                                                                                           ,3249800,"2125 W DAVIS ST, CONROE, TX, UNITED STATES                           "
CONROE TEAS BRANCH                                                                                                      ,2524126,"3020 I-45 NORTH, CONROE, TX, UNITED STATES                           "
COPPERFIELD BRANCH                                                                                                      ,3296756,"6611 HIGHWAY 6 NORTH, HOUSTON, TX, UNITED STATES                           "
CORNESTONE CAMELBACK BRANCH                                                                                             ,3861033,"9878 WEST CAMELBACK ROAD, GLENDALE, AZ, UNITED STATES                           "
COTTONWOOD BRANCH                                                                                                       ,2538310,"1 EAST HIGHWAY 89A, COTTONWOOD, AZ, UNITED STATES                           "
COTTONWOOD HEIGHTS OFFICE                                                                                               ,290678,"7015 SOUTH HIGHLAND DRIVE, SALT LAKE CITY, UT, UNITED STATES                           "
CRAIG & CLAYTON BRANCH                                                                                                  ,2899132,"2014  WEST CRAIG ROAD, NORTH LAS VEGAS, NV, UNITED STATES                           "
CRAIG/JONES BRANCH                                                                                                      ,1464113,"5840 WEST CRAIG ROAD, SUITE 140, LAS VEGAS, NV, UNITED STATES                           "
CRENSHAW BRANCH                                                                                                         ,399160,"3810 CRENSHAW BOULEVARD, LOS ANGELES, CA, UNITED STATES                           "
CRESTLINE BRANCH                                                                                                        ,431967,"23840 LAKE DRIVE, CRESTLINE, CA, UNITED STATES                           "
CULVER CITY BRANCH                                                                                                      ,3894769,"100 CORPORATE POINTE, SUITE 110, CULVER CITY, CA, UNITED STATES                           "
CUPERTINO OFFICE                                                                                                        ,524869,"20541 STEVENS CREEK BOULEVARD, CUPERTINO, CA, UNITED STATES                           "
DAYBREAK BRANCH                                                                                                         ,4188009,"4753 WEST DAYBREAK PARKWAY, SOUTH JORDAN, UT, UNITED STATES                           "
DEL MAR BRANCH                                                                                                          ,1464784,"2775 VIA DE LA VALLE, DEL MAR, CA, UNITED STATES                           "
DELTA BRANCH                                                                                                            ,206277,"20 EAST MAIN STREET, DELTA, UT, UNITED STATES                           "
DIAMOND BAR BRANCH                                                                                                      ,992365,"1200 SOUTH DIAMOND BAR BOULEVARD, DIAMOND BAR, CA, UNITED STATES                           "
DICKINSON BANKING CENTER                                                                                                ,576158,"3911 HIGHWAY 3, DICKINSON, TX, UNITED STATES                           "
DICKINSON FM 517 WEST BRANCH                                                                                            ,1402441,"215 FM 517 WEST, DICKINSON, TX, UNITED STATES                           "
DRAPER BRANCH                                                                                                           ,660374,"12271 SOUTH 900 EAST, DRAPER, UT, UNITED STATES                           "
DUCHESNE BRANCH                                                                                                         ,284677,"19 WEST MAIN STREET, DUCHESNE, UT, UNITED STATES                           "
DURANGO BRANCH                                                                                                          ,874274,"1201 ESCALANTE DRIVE, DURANGO, CO, UNITED STATES                           "
DURANGO DOWNTOWN BRANCH                                                                                                 ,4466118,"980 CAMINO DEL RIO, DURANGO, CO, UNITED STATES                           "
EAST BERNARD BANKING CENTER                                                                                             ,2803184,"811 SOUTH DILL STREET, EAST BERNARD, TX, UNITED STATES                           "
EAST MILLCREEK FINANCIAL CENTER                                                                                         ,2767147,"3310 SOUTH 2300 EAST, SALT LAKE CITY, UT, UNITED STATES                           "
EAST SANDY OFFICE                                                                                                       ,1193226,"2137 EAST 9400 SOUTH, SANDY, UT, UNITED STATES                           "
EASTERN/ST ROSE BRANCH                                                                                                  ,2855530,"9935 SOUTH EASTERN AVENUE, LAS VEGAS, NV, UNITED STATES                           "
EDEN IN-STORE VALLEY MARKET BRANCH                                                                                      ,2239738,"2555 WOLF CREEK DRIVE, EDEN, UT, UNITED STATES                           "
EL CAJON BRANCH                                                                                                         ,212661,"1024 GRAVES AVENUE, EL CAJON, CA, UNITED STATES                           "
ELKO BRANCH                                                                                                             ,3926558,"487 RAILROAD STREET, ELKO, NV, UNITED STATES                           "
ENCINITAS BRANCH                                                                                                        ,848369,"135 SAXONY ROAD, ENCINITAS, CA, UNITED STATES                           "
ENCINO OFFICE                                                                                                           ,3738519,"16130 VENTURA BLVD, ENCINO, CA, UNITED STATES                           "
ENTERPRISE BRANCH                                                                                                       ,367776,"25 EAST MAIN STREET, ENTERPRISE, UT, UNITED STATES                           "
EPHRAIM FINANCIAL CENTER                                                                                                ,2605762,"10 SOUTH MAIN, EPHRAIM, UT, UNITED STATES                           "
EPHRAIM LOAN PRODUCTION OFFICE                                                                                          ,3493881,"64 NORTH MAIN STREET, EPHRAIM, UT, UNITED STATES                           "
ESCONDIDO OFFICE                                                                                                        ,756268,"613 WEST VALLEY PARKWAY, ESCONDIDO, CA, UNITED STATES                           "
ESPERSON BRANCH                                                                                                         ,3659191,"815 WALKER STREET, SUITE 125, HOUSTON, TX, UNITED STATES                           "
EUREKA BRANCH                                                                                                           ,472063,"901 NORTH MAIN STREET, EUREKA, NV, UNITED STATES                           "
FALLON BRANCH                                                                                                           ,3392797,"498 WEST WILLIAMS AVENUE, FALLON, NV, UNITED STATES                           "
FARMINGTON BRANCH                                                                                                       ,1198445,"1663 NORTH MAIN STREET, FARMINGTON, UT, UNITED STATES                           "
FARMINGTON NM BRANCH                                                                                                    ,933957,"2000 EAST 20TH STREET, FARMINGTON, NM, UNITED STATES                           "
FERNLEY BRANCH                                                                                                          ,63162,"250 US HIGHWAY 95A SOUTH, FERNLEY, NV, UNITED STATES                           "
FILLMORE BRANCH                                                                                                         ,3493760,"10 MAIN STREET, FILLMORE, UT, UNITED STATES                           "
FLAGSTAFF BRANCH                                                                                                        ,2153629,"211 NORTH LEROUX STREET, FLAGSTAFF, AZ, UNITED STATES                           "
FLAGSTAFF EAST BRANCH                                                                                                   ,3683002,"2638 EAST ROUTE 66, FLAGSTAFF, AZ, UNITED STATES                           "
FLAMINGO BANKING CENTER BRANCH                                                                                          ,1397930,"3780 EAST FLAMINGO ROAD, LAS VEGAS, NV, UNITED STATES                           "
FLORENCE BRANCH                                                                                                         ,562665,"25 NORTH MAIN STREET, FLORENCE, AZ, UNITED STATES                           "
FM 1960 @ WUNDERLICH BRANCH                                                                                             ,3296747,"4911 CYPRESS CREEK PARKWAY, HOUSTON, TX, UNITED STATES                           "
FOOTHILL OFFICE                                                                                                         ,494476,"1304 SOUTH FOOTHILL DRIVE, SALT LAKE CITY, UT, UNITED STATES                           "
FORT APACHE BRANCH                                                                                                      ,3514683,"9415 WEST FLAMINGO ROAD, LAS VEGAS, NV, UNITED STATES                           "
FRAZIER PARK BRANCH                                                                                                     ,60862,"3150 SAN CARLOS TRAIL, FRAZIER PARK, CA, UNITED STATES                           "
FREMONT BRANCH                                                                                                          ,559469,"39315 FREMONT BOULEVARD, FREMONT, CA, UNITED STATES                           "
FRESNO MAIN BRANCH                                                                                                      ,665575,"7060 NORTH FRESNO STREET, FRESNO, CA, UNITED STATES                           "
FRIENDSWOOD BRANCH                                                                                                      ,3308172,"218 E PARKWOOD AVE, FRIENDSWOOD, TX, UNITED STATES                           "
FRUITLAND BRANCH                                                                                                        ,3558409,"909 NORTH WEST 16TH STREET, FRUITLAND, ID, UNITED STATES                           "
GARDENA BRANCH                                                                                                          ,321563,"1292 WEST REDONDO BEACH BOULEVARD, GARDENA, CA, UNITED STATES                           "
GEARY BRANCH                                                                                                            ,444369,"5255 GEARY BOULEVARD, SAN FRANCISCO, CA, UNITED STATES                           "
GOLDEN TRIANGLE BRANCH                                                                                                  ,2855053,"4320 LA JOLLA VILLAGE DRIVE, STE. 100, SAN DIEGO, CA, UNITED STATES                           "
GOODING BRANCH                                                                                                          ,551360,"502 MAIN STREET, GOODING, ID, UNITED STATES                           "
GOODYEAR BRANCH                                                                                                         ,3505177,"13289 WEST MCDOWELL ROAD, GOODYEAR, AZ, UNITED STATES                           "
GREENSPOINT SOUTH BRANCH                                                                                                ,1830624,"400 NORTH SAM HOUSTON PARKWAY EAST, HOUSTON, TX, UNITED STATES                           "
GRID BANKING CENTER BRANCH                                                                                              ,2803205,"11213 WEST AIRPORT BOULEVARD, STAFFORD, TX, UNITED STATES                           "
GROGANS MILL BRANCH                                                                                                     ,2190398,"10101 GROGAN'S MILL ROAD, THE WOODLANDS, TX, UNITED STATES                           "
HACIENDA HEIGHTS BRANCH                                                                                                 ,327864,"1687 SOUTH AZUSA AVENUE, HACIENDA HEIGHTS, CA, UNITED STATES                           "
HAILEY BRANCH                                                                                                           ,4028963,"111 NORTH 1ST AVENUE, SUITE 1H, HAILEY, ID, UNITED STATES                           "
HARBOR ISLAND BRANCH                                                                                                    ,2247377,"8400 WEST LAKE MEAD BOULEVARD, LAS VEGAS, NV, UNITED STATES                           "
HAYWARD BRANCH                                                                                                          ,523264,"785 SOUTHLAND DRIVE, HAYWARD, CA, UNITED STATES                           "
HEBER CITY BRANCH                                                                                                       ,550372,"20 NORTH MAIN, HEBER CITY, UT, UNITED STATES                           "
HEBER/OVERGAARD BRANCH                                                                                                  ,1413803,"2940 ARIZONA HIGHWAY 260, OVERGAARD, AZ, UNITED STATES                           "
HEIGHTS TAYLOR BRANCH                                                                                                   ,3739057,"2105 TAYLOR STREET, HOUSTON, TX, UNITED STATES                           "
HEMPSTEAD BRANCH                                                                                                        ,692852,"12130 HEMPSTEAD ROAD, HOUSTON, TX, UNITED STATES                           "
HENDERSON BRANCH                                                                                                        ,2723031,"1460 SOUTH BOULDER HIGHWAY, HENDERSON, NV, UNITED STATES                           "
HILLCREST OFFICE                                                                                                        ,1887356,"3737 5TH AVENUE, SAN DIEGO, CA, UNITED STATES                           "
HOBBY BRANCH                                                                                                            ,5493830,"7930 GULF FREEWAY, SUITE 300, HOUSTON, TX, UNITED STATES                           "
HOLCOMBE BOULEVARD GREENBRIAR STREET BRANCH                                                                             ,3739084,"2303 W HOLCOMBE BOULEVARD, SUITE 100, HOUSTON, TX, UNITED STATES                           "
HOLLADAY BRANCH                                                                                                         ,205775,"4641 SOUTH 2300 EAST, SALT LAKE CITY, UT, UNITED STATES                           "
HULEN BRANCH                                                                                                            ,5493849,"2718 S. HULEN STREET, FORT WORTH, TX, UNITED STATES                           "
HUNTINGTON BEACH MAIN BRANCH                                                                                            ,185363,"16041 GOLDENWEST STREET, HUNTINGTON BEACH, CA, UNITED STATES                           "
HUNTINGTON BRANCH                                                                                                       ,552479,"51 NORTH MAIN STREET, HUNTINGTON, UT, UNITED STATES                           "
HURRICANE OFFICE                                                                                                        ,282570,"279 WEST STATE STREET, HURRICANE, UT, UNITED STATES                           "
I-10 FEDERAL BRANCH                                                                                                     ,2328726,"12312 EAST FREEWAY, HOUSTON, TX, UNITED STATES                           "
IDAHO FALLS BRANCH                                                                                                      ,2798310,"1235 SOUTH UTAH AVENUE, IDAHO FALLS, ID, UNITED STATES                           "
INDIO BRANCH                                                                                                            ,803564,"80250 HIGHWAY 111, SPACE 101C, INDIO, CA, UNITED STATES                           "
IRVINE BRANCH                                                                                                           ,2917036,"1900 MAIN STREET, SUITE 100, IRVINE, CA, UNITED STATES                           "
IRWINDALE BRANCH                                                                                                        ,2907448,"16008 EAST FOOTHILL BOULEVARD, IRWINDALE, CA, UNITED STATES                           "
JACKSON HOLE FINANCIAL CENTER                                                                                           ,4751195,"25 SOUTH WILLOW STREET, SUITE 201, JACKSON, WY, UNITED STATES                           "
JAPAN TOWN BRANCH                                                                                                       ,329961,"1696 POST STREET, SAN FRANCISCO, CA, UNITED STATES                           "
KAMAS OFFICE                                                                                                            ,1453872,"112 SOUTH MAIN STREET, KAMAS, UT, UNITED STATES                           "
KANAB BRANCH                                                                                                            ,527673,"41 EAST CENTER STREET, KANAB, UT, UNITED STATES                           "
KATY BANKING CENTER                                                                                                     ,2803166,"919 AVENUE C, KATY, TX, UNITED STATES                           "
KAYSVILLE BRANCH                                                                                                        ,4120607,"33 SOUTH MAIN STREET, KAYSVILLE, UT, UNITED STATES                           "
KEARNS BRANCH                                                                                                           ,34078,"4135 WEST 5415 SOUTH, SALT LAKE CITY, UT, UNITED STATES                           "
KEARNY MESA BRANCH                                                                                                      ,2912394,"8252 CLAIREMONT MESA BOULEVARD, SAN DIEGO, CA, UNITED STATES                           "
KINGMAN STOCKTON HILLS BRANCH                                                                                           ,458263,"3825 STOCKTON HILL ROAD, KINGMAN, AZ, UNITED STATES                           "
KINGWOOD BRANCH                                                                                                         ,933751,"570 KINGWOOD DRIVE, KINGWOOD, TX, UNITED STATES                           "
KINGWOOD LAKE HOUSTON PARKWAY BRANCH                                                                                    ,3590333,"2595 W LAKE HOUSTON PARKWAY, KINGWOOD, TX, UNITED STATES                           "
LA JOLLA BRANCH                                                                                                         ,2601513,"1127 WALL STREET, LA JOLLA, CA, UNITED STATES                           "
LA MESA OFFICE                                                                                                          ,3738500,"5500 GROSSMONT CENTER DRIVE, SUITE 408, LA MESA, CA, UNITED STATES                           "
LA PALMA BRANCH                                                                                                         ,525361,"5471 ORANGETHORPE AVENUE, LA PALMA, CA, UNITED STATES                           "
LA PORTE BRANCH                                                                                                         ,1362059,"1401 FAIRMONT PARKWAY, LA PORTE, TX, UNITED STATES                           "
LACY DRIVE BRANCH                                                                                                       ,2265090,"1308 LACY DRIVE, BAYTOWN, TX, UNITED STATES                           "
LAGUNA HILLS BRANCH                                                                                                     ,258762,"24012 CALLE DE LA PLATA, SUITE 140, LAGUNA HILLS, CA, UNITED STATES                           "
LAKE ARROWHEAD BRANCH                                                                                                   ,1216518,"28200 HIGHWAY CA-189, SUITE N100, LAKE ARROWHEAD, CA, UNITED STATES                           "
LAKE HAVASU BRANCH                                                                                                      ,3313895,"1041 NORTH LAKE HAVASU AVENUE, LAKE HAVASU CITY, AZ, UNITED STATES                           "
LAKE MEAD BRANCH                                                                                                        ,336763,"2017 NORTH NELLIS BOULEVARD, LAS VEGAS, NV, UNITED STATES                           "
LAKES BRANCH                                                                                                            ,2659206,"8260 WEST SAHARA AVENUE, LAS VEGAS, NV, UNITED STATES                           "
LAKEWOOD BRANCH                                                                                                         ,2579676,"13060 GRANT ROAD, CYPRESS, TX, UNITED STATES                           "
LANCASTER BRANCH                                                                                                        ,213864,"831 WEST LANCASTER BOULEVARD, LANCASTER, CA, UNITED STATES                           "
LAS VEGAS BOULEVARD SOUTH BRANCH                                                                                        ,1488294,"230 LAS VEGAS BOULEVARD SOUTH, LAS VEGAS, NV, UNITED STATES                           "
LAS VEGAS DURANGO BADURA BRANCH                                                                                         ,3630350,"7030 SOUTH DURANGO DRIVE, LAS VEGAS, NV, UNITED STATES                           "
LAS VEGAS MARYLAND PARKWAY BRANCH                                                                                       ,274566,"3345 SOUTH MARYLAND PARKWAY, LAS VEGAS, NV, UNITED STATES                           "
LAS VEGAS MCCARRAN CENTER BRANCH                                                                                        ,2723040,"750 EAST WARM SPRINGS ROAD, LAS VEGAS, NV, UNITED STATES                           "
LAS VEGAS RUSSELL FT APACHE BRANCH                                                                                      ,3660870,"5720 S FORT APACHE ROAD, LAS VEGAS, NV, UNITED STATES                           "
LAS VEGAS SOUTHERN HIGHLANDS BRANCH                                                                                     ,3510304,"10610 SOUTHERN HIGHLANDS PARKWAY, LAS VEGAS, NV, UNITED STATES                           "
LAS VEGAS SPRING MOUNTAIN JONES BRANCH                                                                                  ,527767,"3688 SOUTH JONES BOULEVARD, LAS VEGAS, NV, UNITED STATES                           "
LAYTON ANTELOPE DRIVE BRANCH                                                                                            ,2197669,"1781 WEST ANTELOPE DRIVE, LAYTON, UT, UNITED STATES                           "
LAYTON/FORT LANE OFFICE                                                                                                 ,1218222,"150 SOUTH FORT LANE, LAYTON, UT, UNITED STATES                           "
LEAGUE CITY WEST MAIN BRANCH                                                                                            ,1402517,"2204 WEST MAIN STREET, LEAGUE CITY, TX, UNITED STATES                           "
LEHI OFFICE                                                                                                             ,991975,"620 EAST MAIN STREET, LEHI, UT, UNITED STATES                           "
LEWISTON FINANCIAL CENTER                                                                                               ,557661,"2997 THAIN GRADE, LEWISTON, ID, UNITED STATES                           "
LOGAN 14TH NORTH OFFICE                                                                                                 ,616773,"133 EAST 1400 NORTH, LOGAN, UT, UNITED STATES                           "
LOGAN/PIONEER BRANCH                                                                                                    ,669274,"488 NORTH MAIN STREET, LOGAN, UT, UNITED STATES                           "
LONE TREE BRANCH                                                                                                        ,4148517,"9990 COMMONS STREET, LONE TREE, CO, UNITED STATES                           "
LONG BEACH MAIN BRANCH                                                                                                  ,971762,"444 WEST OCEAN BOULEVARD, LONG BEACH, CA, UNITED STATES                           "
LOS ANGELES MAIN BRANCH                                                                                                 ,442262,"101 SOUTH SAN PEDRO STREET, LOS ANGELES, CA, UNITED STATES                           "
LOS ANGELES METRO BRANCH                                                                                                ,2770736,"550 SOUTH HOPE STREET, SUITE 408, LOS ANGELES, CA, UNITED STATES                           "
LOVE FIELD BRANCH                                                                                                       ,521550,"6310 LEMMON AVENUE, SUITE 100, DALLAS, TX, UNITED STATES                           "
LOVELOCK BRANCH                                                                                                         ,171067,"1150 CORNELL AVENUE, LOVELOCK, NV, UNITED STATES                           "
MAGNA BRANCH                                                                                                            ,668772,"8375 WEST 3500 SOUTH, MAGNA, UT, UNITED STATES                           "
MAGNOLIA BRANCH                                                                                                         ,3659230,"32927 FM 2978 ROAD, MAGNOLIA, TX, UNITED STATES                           "
MANTI BRANCH                                                                                                            ,257774,"1 SOUTH MAIN STREET, MANTI, UT, UNITED STATES                           "
MARANA BRANCH                                                                                                           ,2715465,"13808 NORTH SANDARIO ROAD SUITE 120, MARANA, AZ, UNITED STATES                           "
MEDICAL CENTER BRANCH                                                                                                   ,3733158,"8525 WURZBACH RD, SAN ANTONIO, TX, UNITED STATES                           "
MEMORIAL BRANCH                                                                                                         ,2990413,"899 FROSTWOOD DR, HOUSTON, TX, UNITED STATES                           "
MERIDIAN LINDER AND CHINDEN BRANCH                                                                                      ,5454327,"1767 WEST ISLAND GREEN DRIVE, MERIDIAN, ID, UNITED STATES                           "
MERIDIAN SILVERSTONE BRANCH                                                                                             ,3762251,"3715 EAST OVERLAND ROAD, SUITE 130, MERIDIAN, ID, UNITED STATES                           "
MESA EAST MAIN STREET BRANCH                                                                                            ,507264,"5555 EAST MAIN STREET, MESA, AZ, UNITED STATES                           "
MESA SOUTH GILBERT BRANCH                                                                                               ,551267,"1322 SOUTH GILBERT ROAD, MESA, AZ, UNITED STATES                           "
MESA WEST SOUTHERN AVENUE BRANCH                                                                                        ,3309106,"1119 WEST SOUTHERN AVENUE, MESA, AZ, UNITED STATES                           "
MESQUITE FALCON RIDGE BRANCH                                                                                            ,3660861,"1130 WEST PIONEER BOULEVARD, MESQUITE, NV, UNITED STATES                           "
MIDVALE BRANCH                                                                                                          ,429973,"159 WEST CENTER STREET, MIDVALE, UT, UNITED STATES                           "
MILLBRAE BRANCH                                                                                                         ,438760,"300 BROADWAY STREET, MILLBRAE, CA, UNITED STATES                           "
MINDEN BRANCH                                                                                                           ,3279759,"1647 US HIGHWAY 395, MINDEN, NV, UNITED STATES                           "
MINDEN BRANCH                                                                                                           ,3393169,"1656 HIGHWAY 395 NORTH, MINDEN, NV, UNITED STATES                           "
MISSION GORGE BRANCH                                                                                                    ,191364,"6313 MISSION GORGE ROAD, SAN DIEGO, CA, UNITED STATES                           "
MISSOURI CITY BANKING CENTER                                                                                            ,2803157,"5820 HIGHWAY 6, SUITE 100, MISSOURI CITY, TX, UNITED STATES                           "
MOAB BRANCH                                                                                                             ,748179,"330 SOUTH MAIN STREET, MOAB, UT, UNITED STATES                           "
MOANA BRANCH                                                                                                            ,208468,"1001 WEST MOANA LANE, RENO, NV, UNITED STATES                           "
MONARCH BEACH BRANCH                                                                                                    ,1858972,"24034 CAMINO DEL AVION, DANA POINT, CA, UNITED STATES                           "
MONTEREY PARK BRANCH                                                                                                    ,443867,"2107 SOUTH ATLANTIC BOULEVARD, MONTEREY PARK, CA, UNITED STATES                           "
MONTGOMERY BRANCH                                                                                                       ,2849986,"20800 EVA STREET, MONTGOMERY, TX, UNITED STATES                           "
MONTICELLO BRANCH                                                                                                       ,37770,"233 EAST CENTER STREET, MONTICELLO, UT, UNITED STATES                           "
MONTICELLO BRANCH                                                                                                       ,3659182,"3010 MONTICELLO AVENUE, SUITE 100, DALLAS, TX, UNITED STATES                           "
MORENCI GREENLEE BRANCH                                                                                                 ,369163,"1 MORENCI PLAZA, MORENCI, AZ, UNITED STATES                           "
MOSCOW BRANCH                                                                                                           ,622167,"105 SOUTH MAIN STREET, MOSCOW, ID, UNITED STATES                           "
MOTOR ROLLINGBROOK BRANCH                                                                                               ,1917169,"723 ROLLINGBROOK DRIVE, BAYTOWN, TX, UNITED STATES                           "
MOUNTAIN CITY BRANCH                                                                                                    ,3392788,"2915 MOUNTAIN CITY HIGHWAY, ELKO, NV, UNITED STATES                           "
MOUNTAIN VIEW BRANCH                                                                                                    ,969965,"700 WEST EL CAMINO REAL, MOUNTAIN VIEW, CA, UNITED STATES                           "
MOUNTAINS EDGE BRANCH                                                                                                   ,4978714,"9305 SOUTN CIMARRON ROAD, LAS VEGAS, NV, UNITED STATES                           "
MURRAY BRANCH                                                                                                           ,430175,"5595 SOUTH STATE STREET, SALT LAKE CITY , UT, UNITED STATES                           "
NAMPA KARCHER ROAD BRANCH                                                                                               ,3660142,"2121 WEST KARCHER ROAD, NAMPA, ID, UNITED STATES                           "
NEEDVILLE BANKING CENTER                                                                                                ,2803193,"3328 SCHOOL ST, NEEDVILLE, TX, UNITED STATES                           "
NELLIS BANKING CENTER BRANCH                                                                                            ,1401538,"305 NORTH NELLIS BOULEVARD, SUITE 135, LAS VEGAS, NV, UNITED STATES                           "
NEW BRAUNFELS BANKING CENTER                                                                                            ,5165267,"280 FM 306, NEW BRAUNFELS, TX, UNITED STATES                           "
NEW PARK BRANCH                                                                                                         ,3535325,"1483 NEWPARK BOULEVARD, PARK CITY, UT, UNITED STATES                           "
NEW PLYMOUTH BRANCH                                                                                                     ,556066,"130 NORTH PLYMOUTH AVENUE, NEW PLYMOUTH, ID, UNITED STATES                           "
NORTH CARSON CITY BRANCH                                                                                                ,2838364,"1525 COLLEGE PARKWAY, CARSON CITY, NV, UNITED STATES                           "
NORTH IRVING BRANCH                                                                                                     ,3739048,"8665 CYPRESS WATERS BOULEVARD, IRVING, TX, UNITED STATES                           "
NORTH LAS VEGAS ALIANTE BRANCH                                                                                          ,3630341,"2860 WEST CENTENNIAL PARKWAY, NORTH LAS VEGAS, NV, UNITED STATES                           "
NORTH OGDEN BRANCH                                                                                                      ,2493718,"2284 NORTH WASHINGTON BOULEVARD, NORTH OGDEN, UT, UNITED STATES                           "
NORTH SALT LAKE BRANCH                                                                                                  ,551977,"870 NORTH HIGHWAY 89, NORTH SALT LAKE, UT, UNITED STATES                           "
NORTHWEST CROSSING BRANCH                                                                                               ,1439698,"13430 NORTHWEST FREEWAY, HOUSTON, TX, UNITED STATES                           "
NORTHWEST PLAZA BRANCH                                                                                                  ,2484462,"6823 WEST NORTHWEST HIGHWAY, DALLAS, TX, UNITED STATES                           "
OAKLAND BRANCH                                                                                                          ,258061,"400 20TH STREET, OAKLAND, CA, UNITED STATES                           "
OGDEN OFFICE                                                                                                            ,399375,"2302 WASHINGTON BOULEVARD, OGDEN, UT, UNITED STATES                           "
OLD MILL OFFICE                                                                                                         ,491877,"6510 SOUTH BIG COTTONWOOD CANYON ROAD, SALT LAKE CITY, UT, UNITED STATES                           "
OLD TOWN SPRING BRANCH                                                                                                  ,1412075,"1000 SPRING CYPRESS, SPRING, TX, UNITED STATES                           "
ONE SOUTH CHURCH BRANCH                                                                                                 ,1216460,"ONE SOUTH CHURCH, SUITE 120, TUCSON, AZ, UNITED STATES                           "
ORANGE BRANCH                                                                                                           ,259666,"500 NORTH STATE COLLEGE BLVD., STE. 150, ORANGE, CA, UNITED STATES                           "
OREM BRANCH                                                                                                             ,401175,"462 WEST 800 NORTH, OREM, UT, UNITED STATES                           "
OREM/WASATCH BRANCH                                                                                                     ,339278,"1220 SOUTH 800 EAST, OREM, UT, UNITED STATES                           "
ORO VALLEY BRANCH                                                                                                       ,3505207,"7601 NORTH ORACLE ROAD, ORO VALLEY, AZ, UNITED STATES                           "
OXNARD BRANCH                                                                                                           ,263560,"365 EAST ESPLANADE DRIVE, OXNARD, CA, UNITED STATES                           "
PAGE GLEN CANYON BRANCH                                                                                                 ,440361,"58 SOUTH LAKE POWELL BOULEVARD, PAGE, AZ, UNITED STATES                           "
PAHRUMP STATION BRANCH                                                                                                  ,2521518,"1301 SOUTH HIGHWAY 160, PAHRUMP, NV, UNITED STATES                           "
PALM BRANCH                                                                                                             ,2126155,"5240 NORTH PALM AVENUE, FRESNO, CA, UNITED STATES                           "
PALM DESERT BRANCH                                                                                                      ,865067,"73301 HIGHWAY 111, PALM DESERT, CA, UNITED STATES                           "
PALMDALE BRANCH                                                                                                         ,899464,"748 WEST RANCHO VISTA BOULEVARD, SUITE C, PALMDALE, CA, UNITED STATES                           "
PANGUITCH BRANCH                                                                                                        ,258276,"90 EAST CENTER STREET, PANGUITCH, UT, UNITED STATES                           "
PARK CITY BRANCH                                                                                                        ,2376071,"1100 SNOW CREEK DRIVE, PARK CITY, UT, UNITED STATES                           "
PARKER BRANCH                                                                                                           ,386964,"1001 EAGLE AVENUE, PARKER, AZ, UNITED STATES                           "
PASADENA BRANCH                                                                                                         ,2990468,"4500 FAIRMONT PARKWAY, PASADENA, TX, UNITED STATES                           "
PASADENA BRANCH                                                                                                         ,4316389,"155 NORTH LAKE AVENUE, PASADENA, CA, UNITED STATES                           "
PAYSON BRANCH                                                                                                           ,3505122,"804 SOUTH BEELINE HIGHWAY, PAYSON, AZ, UNITED STATES                           "
PAYSON OFFICE                                                                                                           ,283072,"80 EAST 100 NORTH, PAYSON, UT, UNITED STATES                           "
PEARLAND BRANCH                                                                                                         ,5027196,"1930 COUNTRY PLACE PARKWAY, SUITE 114, PEARLAND, TX, UNITED STATES                           "
PEBBLE MARKET BRANCH                                                                                                    ,3816529,"400 NORTH GREEN VALLEY PARKWAY, HENDERSON, NV, UNITED STATES                           "
PHOENIX BILTMORE BRANCH                                                                                                 ,2289340,"6001 NORTH 24TH STREET, PHOENIX, AZ, UNITED STATES                           "
PHOENIX CAMELBACK BRANCH                                                                                                ,1879418,"4040 EAST CAMELBACK ROAD, SUITE 100, PHOENIX, AZ, UNITED STATES                           "
PHOENIX DEER VALLEY BRANCH                                                                                              ,3505140,"20428 NORTH 27TH AVENUE, PHOENIX, AZ, UNITED STATES                           "
PHOENIX NORTH CENTRAL BRANCH                                                                                            ,2002343,"2929 NORTH CENTRAL AVENUE, SUITE 120, PHOENIX, AZ, UNITED STATES                           "
PHOENIX SCOTTSDALE 101 BRANCH                                                                                           ,3505168,"7000 EAST MAYO BOULEVARD, SUITE 7, PHOENIX, AZ, UNITED STATES                           "
PINETOP BRANCH                                                                                                          ,1001367,"1820 EAST WHITE MOUNTAIN BOULEVARD, PINETOP, AZ, UNITED STATES                           "
PLEASANT GROVE OFFICE                                                                                                   ,244970,"225 SOUTH MAIN STREET, PLEASANT GROVE, UT, UNITED STATES                           "
POCATELLO YELLOWSTONE BRANCH                                                                                            ,2603142,"1590 YELLOWSTONE AVENUE, POCATELLO, ID, UNITED STATES                           "
PORTER BRANCH                                                                                                           ,2990477,"23593 COMMERCE AVE, PORTER, TX, UNITED STATES                           "
PORTLAND BRANCH                                                                                                         ,3374186,"1211 SOUTHWEST 5TH AVENUE, SUITE 1250, PORTLAND, OR, UNITED STATES                           "
PRESCOTT REGIONAL BRANCH                                                                                                ,329064,"201 NORTH MONTEZUMA, SUITE 100, PRESCOTT, AZ, UNITED STATES                           "
PRESCOTT VALLEY BRANCH                                                                                                  ,2397311,"2825 NORTH GLASFORD HILL ROAD, PRESCOTT VALLEY, AZ, UNITED STATES                           "
PRICE OFFICE                                                                                                            ,526078,"45 SOUTH CARBON AVENUE, PRICE, UT, UNITED STATES                           "
PROVIDENCE BRANCH                                                                                                       ,3863390,"284 SOUTH HIGHWAY 165, PROVIDENCE, UT, UNITED STATES                           "
PROVO REGION OFFICE BRANCH                                                                                              ,612579,"180 NORTH UNIVERSITY AVENUE, SUITE 100, PROVO, UT, UNITED STATES                           "
PROVO/UNIVERSITY BRANCH                                                                                                 ,203678,"1060 NORTH UNIVERSITY AVENUE, PROVO, UT, UNITED STATES                           "
PUEBLO DOWNTOWN BRANCH                                                                                                  ,2516493,"200 CITY CENTER DRIVE, PUEBLO, CO, UNITED STATES                           "
QUARTZ HILL BRANCH                                                                                                      ,2708261,"42024 NORTH 50TH STREET WEST, QUARTZ HILL, CA, UNITED STATES                           "
RAINBOW BRANCH                                                                                                          ,2781675,"1921 NORTH RAINBOW BOULEVARD, LAS VEGAS, NV, UNITED STATES                           "
RANCHO BERNARDO OFFICE                                                                                                  ,27463,"16796 BERNARDO CENTER DRIVE, SAN DIEGO, CA, UNITED STATES                           "
RANCHO CUCAMONGA BRANCH                                                                                                 ,3954597,"9590 FOOTHILL BOULEVARD, RANCHO CUCAMONGA, CA, UNITED STATES                           "
RANCHO SAN DIEGO BRANCH                                                                                                 ,868367,"3787 AVOCADO BOULEVARD, LA MESA, CA, UNITED STATES                           "
RANCHO SANTA FE PREMIER WEALTH CENTER                                                                                   ,4394837,"16912 VIA DE SANTA FE, RANCHO SANTA FE, CA, UNITED STATES                           "
RANDOLPH OFFICE                                                                                                         ,492379,"125 NORTH MAIN, RANDOLPH, UT, UNITED STATES                           "
RED BLUFF BRANCH                                                                                                        ,4268,"3901 RED BLUFF ROAD, PASADENA, TX, UNITED STATES                           "
REDWOOD ROAD BRANCH                                                                                                     ,3493809,"1635 SOUTH REDWOOD ROAD, SALT LAKE CITY, UT, UNITED STATES                           "
RENO DAMONTE BRANCH                                                                                                     ,2563,"190 DAMONTE RANCH PARKWAY, RENO, NV, UNITED STATES                           "
RENO REGIONAL BRANCH                                                                                                    ,3209411,"5470 KIETZKE LANE, BUILDING 3, RENO, NV, UNITED STATES                           "
REXBURG BRANCH                                                                                                          ,2840620,"149 WEST MAIN STREET, REXBURG, ID, UNITED STATES                           "
RICHARDSON BRANCH                                                                                                       ,4507794,"1901 NORTH CENTRAL EXPRESSWAY, RICHARDSON, TX, UNITED STATES                           "
RICHFIELD OFFICE                                                                                                        ,249676,"55 WEST 100 NORTH STREET, RICHFIELD, UT, UNITED STATES                           "
RIGBY OFFICE                                                                                                            ,2625528,"219 EAST MAIN, RIGBY, ID, UNITED STATES                           "
RIVER & CAMPBELL BRANCH                                                                                                 ,1839391,"1985 EAST RIVER ROAD, TUCSON, AZ, UNITED STATES                           "
RIVERSIDE CROSSING BRANCH                                                                                               ,4120661,"5360 NORTH LA CHOLLA BOULEVARD, TUCSON, AZ, UNITED STATES                           "
RIVERTON MAIN OFFICE                                                                                                    ,3841633,"3628 WEST 13400 SOUTH, RIVERTON, UT, UNITED STATES                           "
ROLLINGBROOK BRANCH                                                                                                     ,203856,"1300 ROLLINGBROOK DRIVE, BAYTOWN, TX, UNITED STATES                           "
ROOSEVELT BRANCH                                                                                                        ,368278,"156 NORTH 200 EAST, ROOSEVELT, UT, UNITED STATES                           "
ROSE PARK OFFICE                                                                                                        ,2495105,"787 NORTH REDWOOD ROAD, SALT LAKE CITY, UT, UNITED STATES                           "
ROSENBERG BRANCH                                                                                                        ,2803175,"3400 AVENUE H, ROSENBERG, TX, UNITED STATES                           "
ROSEVILLE BRANCH                                                                                                        ,3861051,"925 HIGHLAND POINTE DRIVE, SUITE 100, ROSEVILLE, CA, UNITED STATES                           "
ROUND VALLEY BRANCH                                                                                                     ,2566788,"90 WEST CENTRAL, EAGAR, AZ, UNITED STATES                           "
ROY BRANCH                                                                                                              ,3660160,"5774 SOUTH 1900 WEST, ROY, UT, UNITED STATES                           "
SACRAMENTO MAIN BRANCH                                                                                                  ,441760,"520 CAPITOL MALL, SUITE 100, SACRAMENTO, CA, UNITED STATES                           "
SAFFORD BRANCH                                                                                                          ,235268,"426 5TH STREET, SAFFORD, AZ, UNITED STATES                           "
SAINT ANN COURT BRANCH                                                                                                  ,4046275,"2501 NORTH HARWOOD STREET, DALLAS, TX, UNITED STATES                           "
SAINT GEORGE BRANCH                                                                                                     ,253570,"40 EAST SAINT GEORGE BOULEVARD, SAINT GEORGE, UT, UNITED STATES                           "
SAINT GEORGE/RIVER ROAD OFFICE                                                                                          ,2853161,"717 SOUTH RIVER ROAD, SAINT GEORGE, UT, UNITED STATES                           "
SAINT JOHNS BRANCH                                                                                                      ,4927105,"860 WEST CLEVELAND, UNIT 2, SAINT JOHNS, AZ, UNITED STATES                           "
SALINA OFFICE                                                                                                           ,254072,"155 WEST MAIN STREET, SALINA, UT, UNITED STATES                           "
SAN CLEMENTE BRANCH                                                                                                     ,22767,"115 VIA PICO PLAZA, SAN CLEMENTE, CA, UNITED STATES                           "
SAN DIEGO DOWNTOWN BRANCH                                                                                               ,715863,"525 B STREET, SUITE 100, SAN DIEGO, CA, UNITED STATES                           "
SAN FRANCISCO MAIN BRANCH                                                                                               ,257569,"100 PINE STREET, SAN FRANCISCO, CA, UNITED STATES                           "
SAN JOSE MAIN BRANCH                                                                                                    ,324162,"515 NORTH 1ST STREET, SAN JOSE, CA, UNITED STATES                           "
SAN JUAN CAPISTRANO BRANCH                                                                                              ,1169445,"32221 CAMINO CAPISTRANO, SAN JUAN CAPISTRANO, CA, UNITED STATES                           "
SAN MARCOS BRANCH                                                                                                       ,632764,"978 SAN MARCOS BOULEVARD, SAN MARCOS, CA, UNITED STATES                           "
SAN MATEO BRANCH                                                                                                        ,323660,"1690 SOUTH EL CAMINO REAL, SAN MATEO, CA, UNITED STATES                           "
SAN RAFAEL BUSINESS BANKING BRANCH                                                                                      ,3460995,"1016 IRWIN STREET, SAN RAFAEL, CA, UNITED STATES                           "
SAN TAN BRANCH                                                                                                          ,3824056,"1952 EAST PECOS ROAD, GILBERT, AZ, UNITED STATES                           "
SANDY/SOUTHTOWNE OFFICE                                                                                                 ,431770,"125 WEST 10600 SOUTH, SANDY, UT, UNITED STATES                           "
SANTA FE BRANCH                                                                                                         ,2541093,"13030 STATE HIGHWAY 6, SANTA FE, TX, UNITED STATES                           "
SANTA MONICA BRANCH                                                                                                     ,752260,"100 WILSHIRE BOULEVARD, SANTA MONICA, CA, UNITED STATES                           "
SANTAQUIN BRANCH                                                                                                        ,235277,"120 EAST MAIN STREET, SANTAQUIN, UT, UNITED STATES                           "
SARATOGA SPRINGS BRANCH                                                                                                 ,3493948,"1533 NORTH REDWOOD ROAD, SARATOGA SPRINGS, UT, UNITED STATES                           "
SCOTTSDALE GAINEY RANCH BRANCH                                                                                          ,1879388,"7375 EAST DOUBLETREE RANCH ROAD, SCOTTSDALE, AZ, UNITED STATES                           "
SCRIPPS POWAY BRANCH                                                                                                    ,2642114,"10605 SCRIPPS POWAY PARKWAY, SUITE A, SAN DIEGO, CA, UNITED STATES                           "
SEATTLE BRANCH                                                                                                          ,1198641,"601 UNION STREET, SUITE 3600, SEATTLE, WA, UNITED STATES                           "
SEDONA BRANCH                                                                                                           ,2646578,"1470 WEST STATE ROUTE 89A, SEDONA, AZ, UNITED STATES                           "
SHOW LOW REGIONAL BRANCH                                                                                                ,3683011,"1400 EAST WOOLFORD ROAD, SHOW LOW, AZ, UNITED STATES                           "
SIERRA VISTA BRANCH                                                                                                     ,2471314,"25 SOUTH HIGHWAY 92, SIERRA VISTA, AZ, UNITED STATES                           "
SMITHFIELD OFFICE                                                                                                       ,747677,"685 SOUTH MAIN, SMITHFIELD, UT, UNITED STATES                           "
SNOW CANYON BRANCH                                                                                                      ,2316451,"1930 WEST SUNSET BOULEVARD, SAINT GEORGE, UT, UNITED STATES                           "
SNOWFLAKE BRANCH                                                                                                        ,3510649,"1290 SOUTH MAIN STREET, SNOWFLAKE, AZ, UNITED STATES                           "
SONOITA BRANCH                                                                                                          ,1402012,"3166 HIGHWAY 82, SUITE 3, SONOITA, AZ, UNITED STATES                           "
SOUTH CARSON BRANCH                                                                                                     ,2350996,"4267 SOUTH CARSON STREET, CARSON CITY, NV, UNITED STATES                           "
SOUTH JORDAN/PARKWAY BRANCH                                                                                             ,2021652,"1622 WEST SOUTH JORDAN PARKWAY, SOUTH JORDAN, UT, UNITED STATES                           "
SOUTH LAND PARK BRANCH                                                                                                  ,446466,"7201 SOUTH LAND PARK DRIVE, SACRAMENTO, CA, UNITED STATES                           "
SOUTH OGDEN OFFICE                                                                                                      ,3726637,"5635 SOUTH HARRISON BOULEVARD, SOUTH OGDEN, UT, UNITED STATES                           "
SOUTH SHAVER BRANCH                                                                                                     ,2487874,"2222 SOUTH SHAVER, PASADENA, TX, UNITED STATES                           "
SOUTH SHORE BRANCH                                                                                                      ,2724887,"2460 MARINA BAY DRIVE, LEAGUE CITY, TX, UNITED STATES                           "
SPANISH FORK BRANCH                                                                                                     ,213873,"190 NORTH MAIN STREET, SPANISH FORK, UT, UNITED STATES                           "
SPARKS BRANCH                                                                                                           ,2066907,"500 EAST PRATER WAY, SPARKS, NV, UNITED STATES                           "
SPEER BRANCH                                                                                                            ,667159,"401 EAST SPEER BOULEVARD, DENVER, CO, UNITED STATES                           "
SPRING CREEK BRANCH                                                                                                     ,3729179,"568 WEST SPRING VALLEY COURT, SPRING CREEK, NV, UNITED STATES                           "
SPRINGDALE BRANCH                                                                                                       ,285179,"921 ZION PARK BOULEVARD, SPRINGDALE, UT, UNITED STATES                           "
SPRINGS BRANCH                                                                                                          ,2254861,"2000 SPRING CYPRESS RD, SPRING, TX, UNITED STATES                           "
SPRINGVILLE FINANCIAL CENTER                                                                                            ,5140965,"759 WEST 400 SOUTH, SPRINGVILLE, UT, UNITED STATES                           "
STAFFED BRANCH                                                                                                          ,5533398,"2334 SE MILITARY DRIVE, SAN ANTONIO, TX, UNITED STATES                           "
STEEPLECHASE BRANCH                                                                                                     ,3659221,"11045 FM 1960 ROAD WEST, HOUSTON, TX, UNITED STATES                           "
STERLING RIDGE BRANCH                                                                                                   ,3653993,"10223 KUYKENDAHL ROAD, SPRING, TX, UNITED STATES                           "
STONE OAK BRANCH                                                                                                        ,3534999,"19134 STONE OAK PARKWAY, SAN ANTONIO, TX, UNITED STATES                           "
STUEBNER AIRLINE BRANCH                                                                                                 ,618656,"17046 STUEBNER AIRLINE, SPRING, TX, UNITED STATES                           "
SUGAR HOUSE BRANCH                                                                                                      ,278676,"2200 SOUTH HIGHLAND DRIVE, SALT LAKE CITY, UT, UNITED STATES                           "
SUGAR LAND BRANCH                                                                                                       ,2990486,"17602 SOUTHWEST FREEWAY, SUGAR LAND, TX, UNITED STATES                           "
SUMMERLIN BRANCH                                                                                                        ,5216628,"11035 LAVENDER HILL DRIVE, STE 170, LAS VEGAS, NV, UNITED STATES                           "
SUNSET BRANCH                                                                                                           ,2094861,"4001 EAST SUNSET ROAD, HENDERSON, NV, UNITED STATES                           "
SYRACUSE BRANCH                                                                                                         ,4120616,"975 WEST 1700 SOUTH, SYRACUSE, UT, UNITED STATES                           "
TANGLEWOOD BRANCH                                                                                                       ,2517708,"1075 AUGUSTA DRIVE, HOUSTON, TX, UNITED STATES                           "
TAYLORSVILLE BRANCH                                                                                                     ,610472,"5482 SOUTH REDWOOD ROAD, SALT LAKE CITY, UT, UNITED STATES                           "
TEMECULA VALLEY OFFICE                                                                                                  ,1462520,"41615 WINCHESTER ROAD, TEMECULA, CA, UNITED STATES                           "
TEMPE BRANCH                                                                                                            ,77860,"1400 EAST SOUTHERN AVENUE, TEMPE, AZ, UNITED STATES                           "
TIMPANOGOS HIGHWAY FINANCIAL CENTER                                                                                     ,4873800,"1432 EAST 3500 NORTH, LEHI, UT, UNITED STATES                           "
TOMBALL PARK BRANCH                                                                                                     ,2041847,"28201 TOMBALL PARKWAY STATE HIGHWAY 249, TOMBALL, TX, UNITED STATES                           "
TONOPAH BRANCH                                                                                                          ,177368,"132 NORTH MAIN STREET, TONOPAH, NV, UNITED STATES                           "
TOOELE BRANCH                                                                                                           ,288871,"998 NORTH MAIN STREET, TOOELE, UT, UNITED STATES                           "
TORRANCE BRANCH                                                                                                         ,522762,"21515 HAWTHORNE BOULEVARD, SUITE 100, TORRANCE, CA, UNITED STATES                           "
TREMONTON BRANCH                                                                                                        ,3067956,"340 EAST MAIN STREET, TREMONTON, UT, UNITED STATES                           "
TUSTIN BRANCH                                                                                                           ,2851840,"17752 EAST 17TH STREET, TUSTIN, CA, UNITED STATES                           "
TWIN FALLS / CANYON PARK BRANCH                                                                                         ,3493742,"1863 BLUE LAKES BOULEVARD NORTH, TWIN FALLS, ID, UNITED STATES                           "
UNION HEIGHTS OFFFICE                                                                                                   ,3583737,"7620 SOUTH UNION PARK AVENUE, MIDVALE, UT, UNITED STATES                           "
UNION SQUARE BRANCH                                                                                                     ,1829918,"10001 REUNION PLACE, SAN ANTONIO, TX, UNITED STATES                           "
VALLEY CENTER OFFICE                                                                                                    ,139562,"29124 VALLEY CENTER ROAD, VALLEY CENTER, CA, UNITED STATES                           "
VERNAL BRANCH                                                                                                           ,306074,"3 WEST MAIN STREET, VERNAL, UT, UNITED STATES                           "
VINTAGE PARK BRANCH                                                                                                     ,3742655,"10811 LOUETTA ROAD, HOUSTON, TX, UNITED STATES                           "
VISTA OFFICE                                                                                                            ,1463602,"140 CIVIC CENTER DRIVE, VISTA, CA, UNITED STATES                           "
WALNUT CREEK BRANCH                                                                                                     ,2898920,"1277 TREAT BOULEVARD, SUITE 120, WALNUT CREEK, CA, UNITED STATES                           "
WARM SPRINGS ROAD BRANCH                                                                                                ,2781620,"1501 WEST WARM SPRINGS ROAD, HENDERSON, NV, UNITED STATES                           "
WASHINGTON BRANCH                                                                                                       ,286774,"865 WEST TELEGRAPH STREET, WASHINGTON, UT, UNITED STATES                           "
WEISER FINANCIAL CENTER                                                                                                 ,568368,"34 EAST MAIN STREET, WEISER, ID, UNITED STATES                           "
WELLS BRANCH                                                                                                            ,176866,"408 SIXTH STREET, WELLS, NV, UNITED STATES                           "
WELLTON BRANCH                                                                                                          ,244260,"28801 LOS ANGELES AVENUE, WELLTON, AZ, UNITED STATES                           "
WEST JORDAN/78TH SOUTH                                                                                                  ,804075,"1835 WEST 7800 SOUTH, WEST JORDAN, UT, UNITED STATES                           "
WEST JORDAN/COPPER HILLS OFFICE                                                                                         ,2635116,"3913 WEST 9000 SOUTH, WEST JORDAN, UT, UNITED STATES                           "
WEST LIBERTY BRANCH                                                                                                     ,659163,"1 WEST LIBERTY STREET, RENO, NV, UNITED STATES                           "
WEST LOS ANGELES BRANCH                                                                                                 ,328366,"11345 WEST OLYMPIC BOULEVARD, LOS ANGELES, CA, UNITED STATES                           "
WEST SAHARA BRANCH                                                                                                      ,405463,"3480 WEST SAHARA AVENUE, LAS VEGAS, NV, UNITED STATES                           "
WEST VALLEY CITY FINANCIAL CENTER                                                                                       ,3493836,"2950 WEST 3500 SOUTH, WEST VALLEY, UT, UNITED STATES                           "
WEST WENDOVER BRANCH                                                                                                    ,2688783,"1855 WEST WENDOVER BOULEVARD, WEST WENDOVER, NV, UNITED STATES                           "
WESTCHASE BRANCH                                                                                                        ,3397644,"10118 WESTHEIMER, HOUSTON, TX, UNITED STATES                           "
WESTLAKE BRANCH                                                                                                         ,5493773,"3342 BEE CAVES ROAD, WESTLAKE HILLS, TX, UNITED STATES                           "
WICKENBURG BRANCH                                                                                                       ,2318820,"540 WEST WICKENBURG WAY, WICKENBURG, AZ, UNITED STATES                           "
WILDER BRANCH                                                                                                           ,623762,"315 A AVENUE, WILDER, ID, UNITED STATES                           "
WILLIAMS BRANCH                                                                                                         ,247962,"314 WEST ROUTE 66, WILLIAMS, AZ, UNITED STATES                           "
WILLOW BEND BRANCH                                                                                                      ,4498007,"2601 DALLAS PARKWAY, PLANO, TX, UNITED STATES                           "
WILLOW CREEK BRANCH                                                                                                     ,2101282,"1500 WILLOW CREEK, PRESCOTT, AZ, UNITED STATES                           "
WILMOT BRANCH                                                                                                           ,1004368,"335 NORTH WILMOT ROAD, TUCSON, AZ, UNITED STATES                           "
WILSHIRE SAN VICENTE OFFICE                                                                                             ,972264,"6500 WILSHIRE BOULEVARD, LOS ANGELES, CA, UNITED STATES                           "
WINGFIELD SPRINGS BRANCH                                                                                                ,5103755,"2483 WINGFIELD HILLS RD, SUITE A100, SPARKS, NV, UNITED STATES                           "
WINNEMUCCA BRANCH                                                                                                       ,3124402,"747 SOUTH GRASS VALLEY ROAD, WINNEMUCCA, NV, UNITED STATES                           "
WOOD RIVER VALLEY BRANCH                                                                                                ,3493694,"311 NORTH MAIN, KETCHUM, ID, UNITED STATES                           "
WOODLAND HILLS BRANCH                                                                                                   ,3504394,"21800 BURBANK BOULEVARD, SUITE 160, WOODLAND HILLS, CA, UNITED STATES                           "
"WOODLANDS BRANCH, THE                                                                                                   ",2990495,"4576 RESEARCH FOREST DRIVE, THE WOODLANDS, TX, UNITED STATES                           "
YUMA 24TH STREET BRANCH                                                                                                 ,2101291,"2415 SOUTH AVENUE A, YUMA, AZ, UNITED STATES                           "
YUMA FOOTHILLS BRANCH                                                                                                   ,1005963,"11031 EAST 40TH STREET, YUMA, AZ, UNITED STATES                           "
YUMA REGIONAL BRANCH                                                                                                    ,79967,"538 EAST 16TH STREET, YUMA, AZ, UNITED STATES                           "
