6605 GRAND MONTECITO PKWY, STE 100, LAS VEGAS, NV, 89149-0210

16450 PEAK RUN PLACE, HUGHESVILLE, MD, 20637-2960

18619 GLADVILLE AVE, HOMEWOOD, IL, 60430-3813

24 OFFICE PARK CT, STE A, COLUMBIA, SC, 29223-5967

813 N SUPERIOR DR, CROWN POINT, IN, 46307-8299


985 E MAIN ST, HERMISTON, OR, 97838-2061

1006 JAPONICA LANE, SHREVEPORT, LA, 71118-3513
10540 BLANCHARD FURRH RD, MOORINGSPORT, LA, 71060-8585

1709 N 19TH ST, STE 3, BISMARCK, ND, 58501-2121

3010 BETHEL RD, PORT ORCHARD, WA, 98366-2410

4532 US HWY 19 2ND FL, NEW PORT RICHEY, FL, 34652
7916 EVOLUTIONS WAY, STE 210, TRINITY, FL, 34655

645 S CAMP BAY RD, SAGLE, ID, 83860

1 HOME CAMPUS, DES MOINES, IA, 50328-0001
    AKA 1 HOME CAMPUS, MAL X2404 035, DES MOINES, IA, 50328-0001
    AKA 1 HOME CAMPUS, MAC X2401-049, DES MOINES, IA, 50328-0001
    AKA 1 HOME CAMPUS, MAC X2401-05W, DES MOINES, IA, 50328
    AKA 1 HOME CAMPUS, MS 122481, DES MOINES, IA, 50328-0001
        AKA 405 SW 5TH ST, MS 122481, DES MOINES, IA, 50328
            405 SW 5TH ST, DES MOINES, IA, 50309-0000
            405 SW 5TH ST, DES MOINES, IA, 50328

2338 W ROYAL PALM RD, STE-J, PHOENIX, AZ, 85021
3225 N CENTRAL AVE, PHOENIX, AZ, 85012
818 E OSBORN RD, PHOENIX, AZ, 85014

801 W 10TH ST, STE 300, JUNEAU, AK, 99801
9360 GLACIER HWY, STE 202, JUNEAU, AK, 99801
8585 OLD DAIRY RD, STE 208, JUNEAU, AK, 99801

2 N COLLEGE, FAYETTEVILLE, AR, 72701
105 W B ST, RUSSELLVILLE, AR, 72801
545 JAY LN, RUSSELLVILLE, AR, 72802
101 S SPRING ST, STE 220, LITTLE ROCK, AR, 72201
124 W CAPITOL AVE, STE 1900, LITTLE ROCK, AR, 72201
425 W CAPITOL AVE, STE 1700, LITTLE ROCK, AR, 72201

723 LAKEVIEW ESTATES DR, HUEYTOWN, AL, 35023
641 S LAWRENCE ST, MONTGOMERY, AL, 36104
10770 LOWER COALING RD, COTTONDALE, AL, 35453
9340 HELENA RD, STE F 193, BIRMINGHAM, AL, 35244-1794
3415 INDEPENDENCE DR, STE 220, BIRMINGHAM, AL, 35209
2173 CLEARBROOK RD, HOOVER, AL, 35226-1566

2730 GATEWAY OAKS DR, SACRAMENTO, CA, 95833

2300 N LINCOLN BLVD, STE 101, OKLAHOMA CITY, OK, 73105-4897

348 COURT ST, LACONIA, NH, 03246

PO BOX 29622, RALEIGH, NC, 27626-0622
2 S SALISBURY ST, RALEIGH, NC, 27601-2903
6623 OLD STATESVILLE RD, CHARLOTTE, NC, 28269-1749
301 S COLLEGE ST, CHARLOTTE, NC, 28288
915 N NEW HOPE RD, STE E, GASTONIA, NC, 28054-3390
    AKA 915 N NEW HOPE RD, STE D, GASTONIA, NC, 28054
5500 OLD FARM RD, GASTONIA, NC, 28056-9096
1200 LANDSDOWNE DR, GASTONIA, NC, 28054-2720
1552 UNION RD, STE C, GASTONIA, NC, 28054-5523
5056 STONE RIDGE DR, GASTONIA, NC, 28056

150 E 42ND ST, 24TH FLOOR, NEW YORK, NY, 10017

314 S 19TH, STOMAHA, NE, 68102

90 S 6TH ST, MINNEAPOLILS, MN, 55402
6TH & MARQUETTE, MINNEAPOLIS, MN, 55402
821 GRAND AVE, ST PAUL, MN, 55105-3311

255 S MAIN ST, STE 100, Logan, UT, 84321
701 S MAIN ST, STE 420, LOGAN, UT, 84321   <<<701 S MAIN ST, STE 400, LOGAN, UT, 84321
965 S 100, STE 203, LOGAN, UT, 84321
198 N MAIN, STE 200, LOGAN, UT, 84321
1047 S 100 W, STE #220, LOGAN, UT, 84321
640 E 700 S, STE 202, ST GEORGE, UT, 84770
620 LOS ALAMITOS DR, ST GEORGE, UT, 84790
3877 SLALOM WAY, COLLINSTON, UT, 84306
1005 N GROVE DR, ALPINE, UT, 84004
2525 CEDAR DR, EAGLE MOUNTAIN, UT, 84005
3902 S STATE ST, SALT LAKE CITY, UT, 84107
867 N RIVERSIDE DR, SALT LAKE CITY, UT, 84116
562 N MAIN ST, KAYSVILLE, UT, 84037
830 E 300 N, ROOSEVELT, UT 84066
532 N 2480 W, HURRICANE, UT, 84737
3448 W SPRING CIR, MORGAN, UT, 84050
        AKA 3448 W SPRING CIR, MOUNTAIN GREEN, UT, 84050-6740
        AKA 3448 SPRING CIR, MORGAN, UT, 84050
[[3138 N 1250 W, PLEASANT VIEW, UT, 84414-1665]]
    AKA 3138 N 1250 W, PLEASANT VIEW, UT, 84414-1665
1605 E LAKEVIEW WAY, OGDEN, UT, 84403
1272 MARILYN DR, OGDEN, UT, 84403
1341 E 2925 N, OGDEN, UT, 84414-1821
3672 IOWA AVE, OGDEN, UT, 84403
2637 N WASHINGTON BLVD, #207, NORTH OGDEN, UT, 84414
1493 E RIDGELINE DR, SOUTH OGDEN, UT, 84405
PO BOX 160132, CLEARFIELD, UT, 84016-0132
2048 DIMPLE DELL RD, SANDY, UT, 84092

26 W 6TH AVE, HELENA, MT, 59624-1691








